Writer,mean,count
Ron Livingston,9.4,2
Scott Grimes,9.4,2
Damian Lewis,9.4,2
Barbara Camillo,9.2,2
Seth Camillo,9.2,2
J.R.R. Tolkien,8.9,4
Wunmi Mosaku,8.8,2
Monica Dolan,8.8,2
Daniel Lapaine,8.8,2
Patrick Stewart,8.7,2
Jonathan Frakes,8.7,2
Brent Spiner,8.7,2
Jonathan Nolan,8.65,4
Kelly Macdonald,8.6,2
Matt Berry,8.6,2
Natasia Demetriou,8.6,2
Kayvan Novak,8.6,2
Michael Shannon,8.6,2
Matt Smith,8.5,2
Todd Free,8.5,2
Scott Mactavish,8.5,2
Graham McTavish,8.5,2
Luciano Vincenzoni,8.5,2
Sergio Leone,8.5,2
Steve Toussaint,8.5,2
Michelle Keserwany,8.4,2
Mark Magidson,8.4,2
Ron Fricke,8.4,2
Stephanie Beatriz,8.4,2
Wayne Rogers,8.4,2
Terry Crews,8.4,2
Loretta Swit,8.4,2
Christopher Nolan,8.3125,8
Br√É¬°ulio Mantovani,8.3,2
Dominic Purcell,8.3,2
Stacie Evans,8.3,2
Charles M. Schulz,8.3,2
Amaury Nolasco,8.3,2
Amal Al-Agroobi,8.3,2
Abigail Evans,8.3,2
James Norton,8.3,2
Alan Mackay,8.3,2
John Evans,8.3,2
Phil Lord,8.2125,8
Christopher Miller,8.2125,8
Ethan Peck,8.2,2
Anson Mount,8.2,2
√É¬örsula Corber√É¬≥,8.2,2
Itziar Itu√É¬±o,8.2,2
Margaret Mitchell,8.2,2
Jess Bush,8.2,2
Jordan Belfort,8.2,4
√É¬Ålvaro Morte,8.2,2
Majid Majidi,8.2,2
Sidney Howard,8.2,2
Frank Darabont,8.18,5
Stanley Kubrick,8.166666666666666,6
Charlie Cox,8.15,2
A.J. Cook,8.149999999999999,2
Pete Docter,8.14,5
Karl Tunberg,8.1,2
Graham Chapman,8.1,2
C.H. Vijay Kumar,8.1,2
S.S. Rajamouli,8.1,2
Philip Kaufman,8.1,2
Gore Vidal,8.1,2
Steve Buscemi,8.1,3
Sean Penn,8.1,2
Brendan McCarthy,8.1,3
Uma Thurman,8.1,2
Nick Lathouris,8.1,3
Michael Wilson,8.1,4
Vijayendra Prasad,8.1,3
Jon Krakauer,8.1,2
Hayao Miyazaki,8.059999999999999,5
Florian Henckel von Donnersmarck,8.05,2
Hideo Oguni,8.05,2
Thomas Vinterberg,8.033333333333333,3
Martin Scorsese,8.033333333333333,3
Hampton Fancher,8.02,5
Ethan Hawke,8.0,2
Tobias Lindholm,8.0,2
Rod Serling,8.0,2
Julie Delpy,8.0,2
Michael Herr,7.966666666666666,3
Jihad Hojeily,7.966666666666666,3
Nadine Labaki,7.966666666666666,3
Angela Bassett,7.95,2
Park Chan-wook,7.95,2
C√É¬©line Sciamma,7.949999999999999,2
Lew Wallace,7.949999999999999,4
Quentin Tarantino,7.925,12
J.H. Ingraham,7.9,2
Adriano Bolzoni,7.9,2
Jerome Bixby,7.9,2
A.E. Southon,7.9,2
V√É¬≠ctor Andr√É¬©s Catena,7.9,2
Mark Lowell,7.9,2
Dorothy Clarke Wilson,7.9,2
Joseph Farnham,7.9,2
John Taintor Foote,7.9,2
Alfred Hitchcock,7.9,2
Harry Behn,7.9,2
Robert Bolt,7.9,4
Andrew Stanton,7.8999999999999995,3
Sergio Pablos,7.8999999999999995,2
Denis Villeneuve,7.875,4
Alan Alda,7.866666666666667,3
Akira Kurosawa,7.866666666666667,3
Dave Callaham,7.866666666666666,9
Billy Wilder,7.859999999999999,5
Charles Ferguson,7.85,2
Wolfgang Petersen,7.85,2
Taika Waititi,7.85,2
Richard Brooks,7.833333333333333,3
Philippa Boyens,7.833333333333333,9
Andy Samberg,7.833333333333333,3
Bernardo Bertolucci,7.800000000000001,2
James Leo Herlihy,7.8,2
Louisa May Alcott,7.8,2
John Cleese,7.8,3
Chie Uratani,7.8,2
Charlie Mackesy,7.8,2
Carey Wilson,7.8,2
Sunao Katabuchi,7.8,2
Fumiyo Kono,7.8,2
Andr√É¬© Aciman,7.8,2
Rick Moranis,7.8,2
Tennessee Williams,7.8,3
June Mathis,7.8,2
James Ivory,7.766666666666667,3
Alfonso Cuar√É¬≥n,7.766666666666667,3
Fran Walsh,7.754545454545454,11
Irene Mecchi,7.75,2
Darren Aronofsky,7.75,2
Larry McMurtry,7.75,2
Liam O Brien,7.75,2
Tomm Moore,7.75,2
Bill Lancaster,7.75,2
Mario Puzo,7.742857142857143,7
Kenneth Branagh,7.74,5
Bob Peterson,7.733333333333333,3
Ben Hecht,7.716666666666666,6
Lana Parrilla,7.7,2
Jennifer Beals,7.7,2
Jennifer Morrison,7.7,2
Julianna Guill,7.7,2
John Briley,7.7,2
Manuel Garcia-Rulfo,7.7,2
Leisha Hailey,7.7,2
Laurel Holloman,7.7,2
Becki Newton,7.7,2
Skywalker Hughes,7.7,2
Neve Campbell,7.7,2
Martin McDonagh,7.7,3
Michael Dorman,7.7,2
Ginnifer Goodwin,7.7,2
Michael Lewis,7.699999999999999,2
Nicholas Pileggi,7.699999999999999,3
David Lynch,7.675,4
John A. Russo,7.675,4
Anthony McCarten,7.666666666666667,3
David Reynolds,7.666666666666667,3
Gillian Flynn,7.666666666666667,3
Bernd Eichinger,7.666666666666667,3
Laurence Stallings,7.666666666666667,3
Paul Haggis,7.655555555555556,9
Waldo Salt,7.65,4
Alejandro G. I√É¬±√É¬°rritu,7.65,4
Victoria Bedos,7.65,2
John Lasseter,7.65,4
James Warner Bellah,7.65,2
Ken Nolan,7.65,2
Stanislas Carr√É¬© de Malberg,7.65,2
Brad Bird,7.65,4
Dean DeBlois,7.65,4
Lukas Moodysson,7.65,2
Marie Brenner,7.65,2
Irvine Welsh,7.65,2
James Cameron,7.637499999999999,8
James Jones,7.633333333333333,3
Shane Meadows,7.633333333333333,3
David McKenna,7.633333333333333,3
Roman Polanski,7.625,4
George Lucas,7.625,12
Thomas Harris,7.625,4
Chuck Palahniuk,7.6000000000000005,2
Jared Bush,7.6000000000000005,3
Krysty Wilson-Cairns,7.6,2
Jonathan Blow,7.6,2
Paul Fraser,7.6,2
Patrick McHale,7.6,4
Peter Stone,7.6,4
Mark Monroe,7.6,2
Greta Gerwig,7.6,4
Francis Ford Coppola,7.6,10
Derek Kolstad,7.6,5
Renaud B√É¬©dard,7.6,2
Cressida Cowell,7.6,2
Carlo Collodi,7.6,4
Sherman Edwards,7.6,2
Sylvain Chomet,7.6,2
Byron Howard,7.6,2
Brandon Boyer,7.6,2
Bob Gale,7.6,5
Paddy Chayefsky,7.599999999999999,3
Wes Anderson,7.585714285714286,7
Charlie Kaufman,7.583333333333333,6
Billy Bob Thornton,7.575,4
Rich Moore,7.566666666666666,3
Jan Sardi,7.566666666666666,3
Steve Kloves,7.56,5
Nicol√É¬°s Giacobone,7.550000000000001,2
Cornelius Ryan,7.550000000000001,2
Steve James,7.550000000000001,2
J.K. Rowling,7.55,6
Dennis Lehane,7.55,6
Jill Culton,7.55,2
Andrew Knight,7.55,2
Robert Schenkkan,7.55,2
Aaron Stockard,7.55,2
Terry Rossio,7.5375,8
Josh Singer,7.533333333333334,3
Chris Sanders,7.533333333333334,3
Scott Silver,7.525,4
Pedro Almod√É¬≥var,7.525,4
Stacy Peralta,7.5,3
Ji-Eun Kim,7.5,2
Walter Tevis,7.5,2
Ricki Stern,7.5,2
Phillip Martin,7.5,2
Darius Marder,7.5,2
Rick Deslauriers,7.5,2
C. Gaby Mitchell,7.5,2
Homer,7.5,2
James Baldwin,7.5,2
Carl Foreman,7.5,3
Noel Langley,7.5,2
Robert M. Young,7.5,2
Ignacio del Moral,7.5,2
Fernando Le√É¬≥n de Aranoa,7.5,2
Nancy Dowd,7.5,2
Moss Hart,7.5,2
Austin Wright,7.5,2
Hao Ning,7.5,2
Cary Joji Fukunaga,7.5,2
Mel Gibson,7.5,2
G√É¬©rard Brach,7.5,2
Ha-seon Park,7.5,2
Guillaume Laurant,7.5,5
Bruce Geller,7.5,3
Anne Sundberg,7.5,2
Allen Hughes,7.5,2
Paolo Sorrentino,7.5,2
Daniel Kwan,7.5,3
Daniel Scheinert,7.5,3
Robert Benton,7.5,2
Kan-Cheung Tsang,7.5,2
Ritesh Shah,7.5,2
Kyle Chandler,7.5,3
Jean-Pierre Jeunet,7.5,4
Min Namkoong,7.5,2
Tom Ford,7.5,3
Michael Goldenberg,7.5,2
Nick Schenk,7.5,3
Farhad Safinia,7.5,2
William B. Evans,7.5,2
John Ajvide Lindqvist,7.5,2
Steven Zaillian,7.490909090909091,11
Jim Jarmusch,7.4799999999999995,5
Taylor Sheridan,7.475,4
Andrew Haigh,7.466666666666666,3
Robert Rodat,7.466666666666666,3
Harry Brown,7.466666666666666,3
Guillermo Arriaga,7.459999999999999,5
Christopher McQuarrie,7.457142857142857,7
David Magee,7.45,4
Charles Brackett,7.45,2
Sergio G. S√É¬°nchez,7.45,2
Jim Uhls,7.45,2
Todd Field,7.45,2
John Huston,7.449999999999999,2
Alejandro Monteverde,7.449999999999999,2
Ben Affleck,7.44,5
Edgar Wright,7.4375,8
David Hayter,7.433333333333334,3
Matt Damon,7.433333333333334,3
Tim McCanlies,7.433333333333334,3
Peter Morgan,7.428571428571429,7
Paul Thomas Anderson,7.42,10
Terry Gilliam,7.42,5
Terence Winter,7.416666666666667,6
John Landis,7.400000000000001,3
Jeff Pope,7.4,2
Kenny Johnson,7.4,2
Pan Nalin,7.4,2
Philip K. Dick,7.4,13
E.M. Forster,7.4,4
Aaron Sorkin,7.4,8
Rudyard Kipling,7.4,2
Michael Mann,7.4,2
Craig Borten,7.4,2
Shadd Williams,7.4,2
Justin Dillon,7.4,2
Katsuhiro √É¬îtomo,7.4,2
Jaco Van Dormael,7.4,2
Jason Smilovic,7.4,2
Nick Cassavetes,7.4,2
Tom McCarthy,7.4,5
Tom Perrotta,7.4,2
Arnold Perl,7.3999999999999995,3
Michael Haneke,7.3999999999999995,3
Oliver H.P. Garrett,7.375,4
Milo Ventimiglia,7.366666666666667,3
Luke Davies,7.366666666666667,3
Owen Wilson,7.366666666666667,3
Tim Burton,7.366666666666667,3
Jim Rash,7.366666666666667,3
David Franzoni,7.366666666666667,3
Nat Faxon,7.366666666666667,3
Joss Whedon,7.359999999999999,5
Stephen Chbosky,7.359999999999999,5
Michel Gondry,7.3500000000000005,2
Steven Spielberg,7.35,4
Steve Pink,7.35,2
Bill Dubuque,7.35,2
Joe Simon,7.35,2
D.V. DeVincentis,7.35,2
Terri Tatchell,7.35,2
William Blake Herron,7.35,2
Deric Washburn,7.35,2
Matt Greenhalgh,7.35,2
Chris Butler,7.35,2
Michael Green,7.344444444444444,9
Ted Elliott,7.344444444444444,9
Derek Cianfrance,7.340000000000001,5
Michael Moore,7.3375,8
Peter Weir,7.333333333333333,3
Mateo Gil,7.333333333333333,3
Matthew Vaughn,7.333333333333333,6
Choderlos de Laclos,7.333333333333333,3
Jordan Roberts,7.333333333333333,3
Anthony Minghella,7.333333333333333,3
I.A.L. Diamond,7.325,4
Jean-Luc Godard,7.325,4
Thomas Bidegain,7.325,4
Jeffrey Boam,7.325,4
James Mangold,7.32,5
Eric Roth,7.316666666666666,12
Douglas Kenney,7.300000000000001,2
Doug Atchison,7.300000000000001,2
Bettina Gilois,7.300000000000001,2
Charles Lederer,7.300000000000001,2
Jeremy Iacone,7.300000000000001,2
Patrick Marber,7.300000000000001,2
Todd Komarnicki,7.300000000000001,2
Christopher Cleveland,7.300000000000001,2
David Hare,7.3,3
Aleksei Ivanov,7.3,2
Jesse Armstrong,7.3,2
Julia Barnett,7.3,2
Andrucha Waddington,7.3,2
Joseph Moncure March,7.3,2
Jordan Peele,7.3,2
Jacques Audiard,7.3,5
Sam Bain,7.3,2
Marshall Neilan,7.3,2
Sarah Wayne Callies,7.3,2
Catherine Haena Kim,7.3,2
Ben Mezrich,7.3,2
Mark Victor,7.3,2
Marshall Brickman,7.3,3
Tony Kushner,7.3,3
Valeriy Todorovskiy,7.3,2
Luiz Carlos Barreto,7.3,2
Osha Gray Davidson,7.3,2
Don McEnery,7.3,2
Howard Estabrook,7.3,2
Sylvie Blaustein,7.3,2
Jack Golden Russell,7.3,3
Menno Meyjes,7.3,2
Mary Helen Ayres,7.3,2
Guillaume Canet,7.3,2
Tom Wheeler,7.3,3
Michael Gilio,7.3,2
Christopher Morris,7.3,2
Mike Leigh,7.3,4
Michael Grais,7.3,2
Ron Clements,7.3,5
Robin Bissell,7.3,2
Elena Soarez,7.3,2
Rauf Kubayev,7.3,2
John Musker,7.3,5
Richard Linklater,7.290000000000001,10
Sam Raimi,7.283333333333334,6
Laeta Kalogridis,7.279999999999999,5
Roger Avary,7.271428571428571,7
John-Henry Butterworth,7.266666666666667,6
Fran√É¬ßois Truffaut,7.266666666666667,3
Walter Hill,7.266666666666667,3
Rian Johnson,7.26,5
Barry Jenkins,7.25,2
Eric Johnson,7.25,2
Shay Hatten,7.25,4
Robert L. Baird,7.25,2
Nick Cave,7.25,2
Gill Dennis,7.25,2
P.L. Travers,7.25,2
Jack Thorne,7.25,2
Walter Bernstein,7.25,2
David Williamson,7.25,2
Alain Godard,7.25,2
Johanna Harwood,7.25,2
Irena Brignull,7.25,2
Robert Culp,7.25,2
David Giler,7.25,2
Jean-Jacques Annaud,7.25,2
Garth Jennings,7.25,2
Gaspar No√É¬©,7.25,2
Stieg Larsson,7.233333333333333,3
Bobby Moresco,7.233333333333333,3
Joe Ranft,7.233333333333333,3
Aaron Guzikowski,7.233333333333333,3
Hans Christian Andersen,7.233333333333333,3
Leonard Nimoy,7.233333333333333,3
Erik Sommers,7.225,4
Terrence Malick,7.225,4
Walon Green,7.225,4
Simon Pegg,7.220000000000001,5
Drew Goddard,7.220000000000001,5
Mark Millar,7.220000000000001,5
Andrew Niccol,7.219999999999999,5
Neil Gaiman,7.216666666666666,6
Joel Coen,7.207142857142857,14
Ethan Coen,7.207142857142857,14
Earl Felton,7.2,3
Edmund Penney,7.2,2
Arthur Laurents,7.2,2
John Godey,7.2,3
Robert Zemeckis,7.2,8
Robert Towne,7.2,5
Eric Bogosian,7.2,3
Richard Glatzer,7.2,2
John Crawford,7.2,2
William Nicholson,7.2,7
Lucy Alibar,7.2,2
Robert Ludlum,7.2,4
Marn Davies,7.2,3
Gary Goldman,7.2,2
Gordon T. Dawson,7.2,2
Scott Neustadter,7.2,5
Andrew Napier,7.2,2
Andrew Birkin,7.2,3
Michael H. Weber,7.2,5
Chris Williams,7.2,3
Gaston Leroux,7.2,2
Erik Poppe,7.2,2
Theodore Melfi,7.2,3
Anna Bache-Wiig,7.2,2
Douglas McGrath,7.2,3
Tony Grisoni,7.2,2
Jay Cocks,7.2,4
David S. Ward,7.2,4
Annie Proulx,7.2,2
David Z. Weinstein,7.2,2
Ivan Atkinson,7.2,3
M.L. Stedman,7.2,2
Bill Condon,7.2,5
Tad Savinar,7.2,2
Bryan Singer,7.2,3
Stephen Singular,7.2,2
Siv Rajendram Eliassen,7.2,2
W. Somerset Maugham,7.2,2
Wash Westmoreland,7.2,2
Albert Hughes,7.2,3
David Peace,7.2,2
Rick King,7.2,2
Bob Tzudiker,7.199999999999999,2
Bo Goldman,7.199999999999999,2
Kirk Jones,7.199999999999999,2
John Carlin,7.199999999999999,2
Robert Riskin,7.199999999999999,4
Jane Goldman,7.199999999999999,9
Alan Jay Lerner,7.199999999999999,2
Alex Garland,7.1875,8
Jerry Zucker,7.175000000000001,4
Paul Fisher,7.175000000000001,4
Sam Peckinpah,7.175000000000001,4
Tom Tykwer,7.175,4
Lars von Trier,7.175,4
Todd Solondz,7.166666666666667,3
Jerry Juhl,7.166666666666667,3
Robert Siegel,7.166666666666667,3
John Collee,7.166666666666667,3
Jason Keller,7.166666666666667,3
David Marconi,7.15,2
Mark Boal,7.15,4
Ingmar Bergman,7.15,2
Jee-woon Kim,7.15,2
Kar-Wai Wong,7.15,4
Michael Arndt,7.15,4
Tim Robbins,7.15,2
Scott Hicks,7.15,2
Roy Huggins,7.15,2
Yorgos Lanthimos,7.15,2
Terry George,7.15,4
Robert Graysmith,7.15,2
Dan Futterman,7.15,2
Efthimis Filippou,7.15,2
David Webb Peoples,7.1499999999999995,4
Christopher Guest,7.140000000000001,5
Eugene Levy,7.140000000000001,5
Ivan Raimi,7.133333333333333,3
Michael Cimino,7.133333333333333,3
William D. Wittliff,7.133333333333333,3
Kazuo Ishiguro,7.133333333333333,3
Julian Fellowes,7.133333333333333,3
Ernest Lehman,7.133333333333333,3
Sonya Levien,7.133333333333333,3
J. Mackye Gruber,7.133333333333333,3
F. Scott Fitzgerald,7.125,4
Oliver Stone,7.123076923076923,13
Baz Luhrmann,7.116666666666667,6
Scott Z. Burns,7.114285714285714,7
Ari Aster,7.1000000000000005,3
John Krasinski,7.1000000000000005,3
David Arata,7.1000000000000005,3
Oscar Saul,7.1000000000000005,3
Cathryn Michon,7.1000000000000005,3
Eric Warren Singer,7.1000000000000005,3
Destin Daniel Cretton,7.1000000000000005,3
W. Bruce Cameron,7.1000000000000005,3
Peter Jackson,7.1000000000000005,7
Andrew Lanham,7.1000000000000005,3
Charles McKeown,7.1000000000000005,3
Bob Massey,7.1,2
Gary Spinelli,7.1,2
Hal Barwood,7.1,2
Michael Palin,7.1,2
Charles Willeford,7.1,2
William Wisher,7.1,4
Kevyn Bashore,7.1,2
Alan Jacobs,7.1,2
Robinson Devor,7.1,2
Valentine,7.1,2
Edith Wharton,7.1,2
Ruben √É¬ñstlund,7.1,2
Roy Moore,7.1,2
Stephen Merchant,7.1,2
Trina Calder√É¬≥n,7.1,2
Pawel Pawlikowski,7.1,2
Michael Shaara,7.1,2
Eric Bugbee,7.1,2
Lynne Ramsay,7.1,2
Jeff Nichols,7.1,4
Michael Winerip,7.1,2
Jason Reitman,7.1,5
Donald E. Stewart,7.1,4
Terry Southern,7.1,2
Karen Robinson,7.099999999999999,3
Matthieu Delaporte,7.099999999999999,3
S. Craig Zahler,7.099999999999999,3
Juliana Canfield,7.099999999999999,3
Jeff Wilbusch,7.099999999999999,3
Alexandre de La Patelli√É¬®re,7.099999999999999,3
Craig Pearce,7.083333333333333,6
Guillermo del Toro,7.083333333333333,12
Jeb Stuart,7.08,5
Kevin Jarre,7.08,5
Harold Ramis,7.075,8
Jonathan Hensleigh,7.075,4
Michael Bacall,7.075,4
Robert Festinger,7.066666666666667,3
Robert Eggers,7.066666666666667,3
Sofia Coppola,7.066666666666666,3
Gina Prince-Bythewood,7.066666666666666,3
Anthony Peckham,7.066666666666666,3
Deborah Moggach,7.066666666666666,3
Jon Spaihts,7.066666666666666,6
Stephen Chow,7.066666666666666,3
Ted Tally,7.066666666666666,6
Noah Baumbach,7.0625,8
Larry Karaszewski,7.06,5
John Cameron Mitchell,7.050000000000001,2
Bob Clark,7.050000000000001,2
Jeanne Rosenberg,7.050000000000001,2
Jesse Andrews,7.050000000000001,2
Juliette Towhidi,7.050000000000001,2
James R. Webb,7.05,2
Curtis Hanson,7.05,2
Mike Rich,7.05,4
Stuart Beattie,7.05,10
Simon Moore,7.05,2
Michael Cunningham,7.05,2
Anurag Basu,7.05,2
Jeremy Saulnier,7.05,2
Sanjeev Dutta,7.05,2
Charles Randolph,7.040000000000001,5
Alejandro Amen√É¬°bar,7.040000000000001,5
Steve Conrad,7.040000000000001,5
Chris Weitz,7.040000000000001,5
Ronald Harwood,7.0375,8
John Lee Mahin,7.033333333333334,3
Jonah Hill,7.033333333333334,3
Don McKellar,7.033333333333334,3
Mike Cahill,7.033333333333334,3
Melissa Mathison,7.033333333333334,6
Ian La Frenais,7.033333333333334,3
William Broyles Jr.,7.028571428571429,7
Lawrence Kasdan,7.025,8
Nick Hornby,7.0200000000000005,5
Peter Hedges,7.0200000000000005,5
Rick Jaffa,7.014285714285714,7
Charles Dickens,7.014285714285714,7
Richard Curtis,7.009090909090909,11
Vic Sarin,7.0,2
Justin Davis,7.0,2
Tony Gilroy,7.0,13
Ron Nyswaner,7.0,2
Mark Addy,7.0,2
Bam Margera,7.0,2
Beth Karas,7.0,2
Swami Krishnanad,7.0,2
Brock Norman Brock,7.0,2
Jake Barnett,7.0,2
David Cronenberg,7.0,2
Jiping He,7.0,2
Zach Braff,7.0,2
Jocelyn Moorhouse,7.0,2
P.J. Hogan,7.0,2
Jari Olavi Rantala,7.0,2
Jon Croker,7.0,4
Leos Carax,7.0,2
Jasper Johal,7.0,2
Anna Boden,7.0,3
Robert Carlyle,7.0,2
Al Gore,7.0,2
Steve McQueen,7.0,2
Aleksi Puranen,7.0,2
Steve Faber,7.0,2
Todd Haynes,7.0,3
Ryan Fleck,7.0,3
Samuel L. Jackson,7.0,2
Marsha Norman,7.0,2
Ben Mendelsohn,7.0,2
Liz Hannah,7.0,2
Paul Barber,7.0,2
Lizzy Caplan,7.0,2
Juuso Laatio,7.0,2
Isaac Asimov,7.0,2
Trey Parker,7.0,3
Bob Fisher,7.0,2
David Mamet,7.0,11
Rosalie Ham,7.0,2
George Clayton Johnson,7.0,6
Matt Stone,7.0,3
William Goldman,7.0,12
Tommy Swerdlow,7.0,4
Michael Barnett,7.0,2
Andrew Kevin Walker,7.0,3
Wallace Shawn,7.0,2
Paul Greengrass,7.0,3
Cobie Smulders,7.0,2
Scott Frank,6.9875,8
Roald Dahl,6.9875,8
Damien Chazelle,6.9799999999999995,5
Christopher Hampton,6.977777777777778,9
Ernest Tidyman,6.9750000000000005,4
Pam Brady,6.975,4
Ryan Coogler,6.975,4
Peter Craig,6.975,8
Lilly Wachowski,6.975,8
Zach Baylin,6.975,4
David Nicholls,6.966666666666666,3
Philip Dunne,6.966666666666666,3
Claude Chabrol,6.966666666666666,3
Mike Judge,6.966666666666666,3
Chris Buck,6.966666666666666,3
Michael Thomas,6.966666666666666,3
Mark Heyman,6.966666666666666,3
Gus Van Sant,6.966666666666666,3
Tab Murphy,6.959999999999999,5
Gary Ross,6.959999999999999,5
Chris McKenna,6.959999999999999,5
Guy Ritchie,6.958333333333333,12
Dan Aykroyd,6.957142857142857,7
Niranjan Iyengar,6.95,2
Neil Simon,6.95,2
Tom Stoppard,6.95,4
Frank S. Nugent,6.95,2
Philip LaZebnik,6.95,2
Lionel Wigram,6.95,2
Victor Nunez,6.95,2
Suzanne Collins,6.95,4
Amanda Silver,6.95,6
Shibani Bathija,6.95,2
Spike Jonze,6.95,4
Dalton Trumbo,6.95,2
Xavier Beauvois,6.95,2
Dick Clement,6.95,4
John Green,6.95,2
Kimberly Peirce,6.95,2
Ande Parks,6.949999999999999,2
Ken Scott,6.949999999999999,2
Carl Gottlieb,6.949999999999999,2
Randy Brown,6.949999999999999,2
Kieran Fitzgerald,6.949999999999999,2
Kelly Reichardt,6.949999999999999,2
Kario Salem,6.949999999999999,2
Mary Agnes Donoghue,6.949999999999999,2
Peter Benchley,6.949999999999999,2
Simon Beaufoy,6.942857142857143,7
David Benioff,6.94,5
Robert Wade,6.94,5
Woody Allen,6.938095238095237,21
Pierre Boulle,6.9375,8
Dan Hageman,6.933333333333334,3
Mike Binder,6.933333333333334,3
Barry Levinson,6.933333333333334,3
Tin-Nam Chun,6.933333333333334,3
Junli Guo,6.933333333333334,3
David Self,6.933333333333334,3
George Miller,6.925,8
Peter Landesman,6.925,4
Will Fetters,6.925,4
W. Peter Iliff,6.925,4
Scott Cooper,6.925,4
Peter Baynham,6.925,4
Mel Brooks,6.914285714285714,7
Dorothy Fields,6.9,2
Noah Harpster,6.9,2
Alex Gibney,6.9,2
Sidney Sheldon,6.9,2
Daniel Reitz,6.9,2
John L. Balderston,6.9,4
Jon Shear,6.9,2
Joe Ahearne,6.9,2
Brian Klugman,6.9,2
Dom Irrera,6.9,2
John Maclean,6.9,2
Bruce A. Evans,6.9,2
Ariel Hsing,6.9,2
Scott Marshall Smith,6.9,2
Robert B. Parker,6.9,2
Ron Maxwell,6.9,2
Mary Gaitskill,6.9,2
Andy Bellin,6.9,2
C. Fraser Press,6.9,2
David Tranter,6.9,2
J. Mills Goodloe,6.9,2
Ben Younger,6.9,2
Lily Zhang,6.9,2
Robert Townsend,6.9,2
Herbert Fields,6.9,2
Hillary Seitz,6.9,2
Michael Landers,6.9,2
Grant Nieporte,6.9,2
William Joyce,6.9,2
Micah Fitzerman-Blue,6.9,2
Daniel Woodrell,6.9,2
Jose Rivera,6.9,2
Dave Chappelle,6.9,2
Filippo Bologna,6.9,2
Steven McGregor,6.9,2
Steven Shainberg,6.9,2
William Steig,6.9,4
Gavin Hood,6.9,2
Charles Leavitt,6.9,5
David O. Russell,6.8999999999999995,6
William Shakespeare,6.891666666666667,12
Lana Wachowski,6.890000000000001,10
Leslie Dixon,6.8875,8
William Monahan,6.883333333333333,6
James Edward Grant,6.88,5
David Seltzer,6.88,5
Ruth Prawer Jhabvala,6.88,5
Jez Butterworth,6.877777777777778,9
Mike Mills,6.875,4
Kenneth Lonergan,6.875,8
Angelo Pizzo,6.875,4
J.C. Chandor,6.875,4
Brad Ingelsby,6.866666666666667,3
Jeffrey Caine,6.866666666666667,3
Emma Thompson,6.866666666666667,6
J.J. Abrams,6.866666666666667,3
Charles Addams,6.866666666666667,3
Tyger Williams,6.866666666666667,3
Marshall Herskovitz,6.866666666666667,3
Grant Heslov,6.866666666666667,3
John Pearson,6.866666666666667,3
Adam McKay,6.866666666666666,9
Rhett Reese,6.8625,8
Paul Wernick,6.8625,8
Caroline Thompson,6.860000000000001,5
John Milius,6.859999999999999,5
Steven Knight,6.857142857142857,7
Cameron Crowe,6.857142857142857,7
Mark Dindal,6.8500000000000005,4
Jeremy Leven,6.8500000000000005,6
Michael France,6.85,2
Joyce Maynard,6.85,2
Jean-Paul Rappeneau,6.85,2
Anthony Veiller,6.85,2
Marc Klein,6.85,2
Andrew Dominik,6.85,2
Fran√É¬ßois Ozon,6.85,2
Abhijat Joshi,6.85,2
Jon Watts,6.85,2
Edmund Beloin,6.85,2
Vidhu Vinod Chopra,6.85,2
Ian Urbina,6.85,2
Atom Egoyan,6.840000000000001,5
Oscar Hammerstein II,6.833333333333333,3
Karen Janszen,6.833333333333333,3
Patrick Sheane Duncan,6.833333333333333,3
Peter S. Seaman,6.833333333333333,3
Valerie Tripp,6.833333333333333,3
Neal Purvis,6.833333333333333,6
Wayne Kramer,6.833333333333333,3
Laura Jones,6.833333333333333,3
Ash Brannon,6.833333333333333,3
Oliver Parker,6.833333333333333,3
Becky Johnston,6.833333333333333,3
David Zelag Goodman,6.833333333333333,3
Jane Austen,6.828571428571428,7
James V. Hart,6.828571428571428,7
Gene Roddenberry,6.825,12
Peter Berg,6.825,4
Juan Jos√É¬© Campanella,6.825,4
Eduardo Sacheri,6.825,4
Linda Woolverton,6.822222222222222,9
Richard Maibaum,6.821428571428571,14
Brian Helgeland,6.811764705882353,17
Tarell Alvin McCraney,6.800000000000001,2
Wentworth Miller,6.800000000000001,4
Peter Ackerman,6.800000000000001,4
Jeffrey Hatcher,6.800000000000001,2
Boaz Yakin,6.800000000000001,2
Vladimir Nabokov,6.8,2
Craig Brewer,6.8,3
Keenan Coogler,6.8,3
Todd Durham,6.8,2
Jerry Belson,6.8,2
Walter Kirn,6.8,3
George Tillman Jr.,6.8,2
Zora Neale Hurston,6.8,2
Jonathan Raymond,6.8,3
Didier Van Cauwelaert,6.8,3
Jeremy Brock,6.8,3
Steven Millhauser,6.8,2
Phil Johnston,6.8,4
Poppy Montgomery,6.8,2
Ric Menello,6.8,2
Warren Ellis,6.8,2
Mars Callahan,6.8,2
Sam Montgomery,6.8,2
Bram Stoker,6.8,3
John le Carr√É¬©,6.8,4
Dylan Walsh,6.8,2
James Ellroy,6.8,4
Jake Kasdan,6.8,3
Larry Blamire,6.8,2
Hunter S. Thompson,6.8,2
J. Michael Straczynski,6.8,3
Karen Sprecher,6.8,2
Dagur K√É¬°ri,6.8,2
Tamara Jenkins,6.8,3
Dena Seidel,6.8,2
Doug Jung,6.8,2
Oscar Wilde,6.8,2
Troy Kennedy-Martin,6.8,2
Larry Cohen,6.8,2
James Hiroyuki Liao,6.8,2
Chris Corso,6.8,2
Hilary Henkin,6.8,3
Lucinda Coxon,6.8,3
Jill Sprecher,6.8,2
Alan Parker,6.8,2
Matthew Michael Carnahan,6.8,5
Edward Tang,6.8,3
George Nolfi,6.785714285714286,7
John Logan,6.781818181818181,11
Randall Wallace,6.779999999999999,5
Gloria Katz,6.775,4
Abi Morgan,6.775,4
Jeff Tremaine,6.775,4
Jenny Bicks,6.775,4
Harve Bennett,6.775,4
Willard Huyck,6.775,4
Ira Levin,6.766666666666667,3
Eric Darnell,6.766666666666667,3
John Singleton,6.766666666666667,3
Alan Bennett,6.766666666666667,3
Damon Lindelof,6.766666666666667,6
David Levien,6.766666666666667,3
Mark L. Smith,6.766666666666667,3
John Orloff,6.766666666666667,3
Danny Strong,6.766666666666667,3
Andrea Arnold,6.766666666666667,3
Stephen King,6.760869565217392,23
Tom Clancy,6.76,5
Brit Marling,6.76,5
Nicole Holofcener,6.757142857142857,7
Drew Pearce,6.75,2
Will Beall,6.75,2
Robin Swicord,6.75,6
John Fusco,6.75,4
Nick Castle,6.75,4
Luke Harding,6.75,2
Dan Fogelman,6.75,6
David Morrell,6.75,4
Jeff Vintar,6.75,2
Tonino Benacquista,6.75,2
Daniel Waters,6.75,2
Rick Berman,6.75,4
Chris Miller,6.75,2
Mary Norton,6.75,2
Andrew Adamson,6.75,4
Larry Gelbart,6.75,2
Rasmus Heisterberg,6.75,2
David Gordon Green,6.75,2
John Francis Daley,6.742857142857143,7
Todd Phillips,6.742857142857143,7
Christopher Markus,6.7375,8
Joe Russo,6.733333333333333,3
Bob Kane,6.733333333333333,6
Anthony Russo,6.733333333333333,3
Scott Alexander,6.733333333333333,6
John Hodge,6.733333333333333,6
Michael Tolkin,6.733333333333333,3
Dean Craig,6.733333333333333,3
Roberto Orci,6.728571428571429,7
Alex Kurtzman,6.728571428571429,7
Robert Mark Kamen,6.727777777777778,18
Jonathan Lemkin,6.725,4
Vanessa Taylor,6.725,4
Kurt Johnstad,6.725,4
Richard LaGravenese,6.723076923076923,13
Michael Finch,6.716666666666668,6
Anders Thomas Jensen,6.716666666666666,6
Jim Taylor,6.716666666666666,6
Edward Zwick,6.716666666666666,6
Stephen McFeely,6.714285714285714,7
Elissa Matsueda,6.7,2
Philip Yordan,6.7,2
John J. McLaughlin,6.7,2
John Grisham,6.7,6
Dave McKean,6.7,2
Jonathan Levine,6.7,3
Tom Mankiewicz,6.7,4
Stephen Cornwell,6.7,5
Scott B. Smith,6.7,2
Mark Schwahn,6.7,3
Tom Hanks,6.7,3
Harry Julian Fink,6.7,2
Trent Haaga,6.7,2
Richard Matheson,6.7,6
Bastien Vives,6.7,2
Nicholas Meyer,6.7,2
James L. Brooks,6.7,4
Len Blum,6.7,3
Jack London,6.7,2
Stuart Blumberg,6.7,3
Ian Mackenzie Jeffers,6.7,2
John Ostrander,6.7,3
Alexandre Rockwell,6.7,2
Alexandre Dumas,6.7,6
Oliver Butcher,6.7,4
Ann Peacock,6.7,2
Tom Epperson,6.7,2
Kelly Fremon Craig,6.7,3
Robert Nelson Jacobs,6.7,4
Kevin Willmott,6.7,2
Mary Shelley,6.7,4
Blake Edwards,6.7,3
Peter Stebbings,6.7,2
Val√É¬©rie M√É¬ºller,6.7,2
Ishir√É¬¥ Honda,6.7,3
Seton I. Miller,6.7,3
Mark Bomback,6.7,8
Susan Orlean,6.7,2
Rodney Rothman,6.7,2
Lynn Shelton,6.7,2
Alexander Payne,6.7,7
Antwone Fisher,6.699999999999999,2
Thomas Hardy,6.699999999999999,2
Matthew Sand,6.699999999999999,2
Jim Thompson,6.699999999999999,2
Daniel Goldberg,6.699999999999999,2
Todd Robinson,6.699999999999999,2
Mark Jacobson,6.699999999999999,2
Beau Willimon,6.699999999999999,2
Nicholas Sparks,6.688888888888889,9
Jonathan Goldstein,6.6875,8
Neil Jordan,6.683333333333334,6
Ol Parker,6.683333333333334,6
Nancy Meyers,6.68,5
Evan Goldberg,6.68,5
Graham Greene,6.675,4
Justin Haythe,6.675,4
Shane Black,6.671428571428572,7
David Koepp,6.670588235294118,17
Caspian Tredwell-Owen,6.666666666666667,3
Zal Batmanglij,6.666666666666667,3
Samuel A. Taylor,6.666666666666667,3
Larry Ferguson,6.666666666666667,3
Len Wiseman,6.666666666666667,3
Jim Wheat,6.666666666666667,3
Sacha Baron Cohen,6.666666666666667,3
Jessie Nelson,6.666666666666667,3
Ken Wheat,6.666666666666667,3
Peter Chiarelli,6.666666666666667,3
John Whittington,6.666666666666667,3
Ian Fleming,6.661111111111111,18
Richard Price,6.659999999999999,5
Roderick Thorp,6.659999999999999,5
Matt Cook,6.65,4
Michael Cooney,6.65,2
Gustin Nash,6.65,2
John O Brien,6.65,2
Randall Miller,6.65,2
Jeffrey Eugenides,6.65,2
Jeffrey Price,6.65,4
Jeffrey Nachmanoff,6.65,2
Ian McEwan,6.65,2
Milo Addica,6.65,2
Cormac McCarthy,6.65,4
Rod Lurie,6.65,2
Virgil Williams,6.65,2
Jane Campion,6.65,4
No√É¬© Debr√É¬©,6.65,2
Jack Bernstein,6.65,2
Jody Savin,6.65,2
Adele Lim,6.65,2
Mike Flanagan,6.65,4
Jessica Sharzer,6.65,2
David Grann,6.65,2
David Mich√É¬¥d,6.65,2
Mary Ruth Clarke,6.65,2
Gavin O Connor,6.65,2
Brian Koppelman,6.65,4
Jaume Balaguer√É¬≥,6.65,2
Panna Rittikrai,6.65,2
Dan Sterling,6.65,2
Andrew Bovell,6.65,2
Andy Weiss,6.65,2
John Lee Hancock,6.6499999999999995,4
Edward Neumeier,6.6499999999999995,4
Dan Gilroy,6.642857142857143,7
Jules Verne,6.640000000000001,5
Aditya Chopra,6.633333333333333,3
√É¬Ålex de la Iglesia,6.633333333333333,3
Jon Favreau,6.633333333333333,3
Patricia Highsmith,6.633333333333333,3
Ann Biderman,6.633333333333333,3
Ross LaManna,6.633333333333333,3
Brian Nelson,6.633333333333333,3
John Patrick Shanley,6.633333333333333,3
Mike Werb,6.633333333333333,3
Spike Lee,6.633333333333333,12
James Gray,6.628571428571428,7
Nicholas Kazan,6.625,4
Eric Bress,6.625,4
Michael Berg,6.625,4
John Gatins,6.622222222222223,9
George A. Romero,6.62,15
Leigh Whannell,6.62,10
Erin Cressida Wilson,6.616666666666667,6
Brian De Palma,6.616666666666667,6
Michael Schiffer,6.6000000000000005,3
Ethan Reiff,6.6000000000000005,7
Paul Tamasy,6.6000000000000005,3
Rowan Joffe,6.6000000000000005,3
Ashley Miller,6.6000000000000005,3
Jamie Linden,6.6000000000000005,3
Zack Stentz,6.6000000000000005,3
Sean Byrne,6.6,2
Jon Hurwitz,6.6,4
Louis de Berni√É¬®res,6.6,2
Saela Davis,6.6,2
Al Reinert,6.6,2
Vincent Palmo Jr.,6.6,2
Lisa Kjerulff,6.6,2
Leandro Fernandez,6.6,2
Emil Stern,6.6,2
Alex Ross Perry,6.6,2
Jane Loughman,6.6,2
Nora Ephron,6.6,5
Noam Dromi,6.6,2
Mark Andrus,6.6,5
Mads Tafdrup,6.6,2
Holly Gent,6.6,2
Shari Springer Berman,6.6,2
Ronan Bennett,6.6,2
Christopher Wood,6.6,2
Nick Park,6.6,2
Eli Craig,6.6,2
Stefan Schwartz,6.6,2
Rob McKittrick,6.6,2
Robert Gordon,6.6,2
Hayden Schlossberg,6.6,4
Mark O Keefe,6.6,2
Anna Rose Holmer,6.6,2
Dean Pitchford,6.6,2
Karen Moncrieff,6.6,2
Anne Fontaine,6.6,4
Warren Lewis,6.6,2
Christian Tafdrup,6.6,2
Greg Rucka,6.6,2
George Clooney,6.6,4
Adam Herz,6.6,4
Fred Freiberger,6.6,2
David Hewlett,6.6,2
William Wheeler,6.6,4
Jonathan Kasdan,6.6,2
Zak Penn,6.6,9
Zack Snyder,6.6,5
Heidi McLaughlin,6.599999999999999,3
Richard Holmes,6.599999999999999,3
Bethany Ashton Wolf,6.599999999999999,3
Ron Bass,6.588888888888889,9
David Ayer,6.588888888888889,9
Will Ferrell,6.585714285714286,7
Audrey Wells,6.583333333333333,6
Steven Rogers,6.583333333333333,6
Paul Schrader,6.58,10
Jeff Nathanson,6.58,5
Cornell Woolrich,6.575,4
D.W. Griffith,6.575,4
Neil Burger,6.575,4
John Brancato,6.575,4
Maya Forbes,6.575,4
David Hoselton,6.575,4
Michael Ferris,6.575,4
Billy Ray,6.56923076923077,13
Pat Casey,6.566666666666666,3
Charles B. Griffith,6.566666666666666,3
Susannah Grant,6.566666666666666,6
Jamie Moss,6.566666666666666,3
Lawrence Konner,6.566666666666666,6
Bill Kelly,6.566666666666666,3
Josh Miller,6.566666666666666,3
Steve Martin,6.566666666666666,3
Jason Miller,6.566666666666666,3
John Waters,6.566666666666666,3
David Lindsay-Abaire,6.566666666666666,3
Michael G. Wilson,6.56,5
Tom Holland,6.56,5
Matthew Fogel,6.557142857142857,7
Patrick Ness,6.550000000000001,2
David Mitchell,6.550000000000001,2
Stephen Mazur,6.550000000000001,2
Paul Guay,6.550000000000001,2
P.F. Kluge,6.550000000000001,2
Kevin Hageman,6.550000000000001,2
Andrea Di Stefano,6.55,2
Rodo Sayagues,6.55,2
Susanna Fogel,6.55,2
Bill Walsh,6.55,2
Michael Robert Johnson,6.55,2
Angela Workman,6.55,2
Fede Alvarez,6.55,2
Paul Attanasio,6.55,4
Nikolaj Arcel,6.55,4
Alex Kendrick,6.55,6
Scott Beck,6.55,4
Clare Sera,6.55,2
Stephen Hillenburg,6.55,2
Bryan Woods,6.55,4
Geneva Robertson-Dworet,6.55,2
Cheryl McKay,6.55,2
Tom Gormican,6.55,2
Jim Abrahams,6.55,6
Laura Hillenbrand,6.55,2
Karey Kirkpatrick,6.542857142857143,7
John Ridley,6.540000000000001,5
Akiva Goldsman,6.538461538461538,13
Wesley Strick,6.533333333333334,3
Jason Fuchs,6.533333333333334,3
Jonathan Roberts,6.533333333333334,3
Sheldon Turner,6.533333333333334,3
C. Robert Cargill,6.533333333333334,3
Tracy Letts,6.533333333333334,3
William Rose,6.533333333333334,3
Daniel Pyne,6.533333333333334,3
Catherine Johnson,6.533333333333334,3
Craig Bolotin,6.533333333333334,3
Mark Polish,6.533333333333334,3
James Gunn,6.522222222222222,9
Frank Cottrell Boyce,6.5200000000000005,5
James Schamus,6.516666666666667,6
√É¬âric Rohmer,6.5,2
Adam Rex,6.5,3
Adam Leff,6.5,2
Seth Grahame-Smith,6.5,5
Guy Busick,6.5,4
W.D. Richter,6.5,4
John August,6.5,10
Richard Wenk,6.5,5
Gavin Wiesen,6.5,2
Alan Yuen,6.5,2
Dale Launer,6.5,2
Dan Brown,6.5,3
Paul Andrew Williams,6.5,2
Jorge Ram√É¬≠rez Su√É¬°rez,6.5,3
Pamela Ribon,6.5,2
Clark Gregg,6.5,2
David Dobkin,6.5,2
Heather Donahue,6.5,2
Michael Colleary,6.5,2
Larry Wilson,6.5,3
Allison Anders,6.5,3
Jennifer Westfeldt,6.5,2
Tony Gayton,6.5,3
Tom O Connor,6.5,2
Jana Lyn Rutledge,6.5,2
Larry Stuckey,6.5,2
Judd Apatow,6.5,8
Brian Garfield,6.5,2
Billy Frolick,6.5,2
Paul T. Scheuring,6.5,2
Susan Shilliday,6.5,2
Eyal Podell,6.5,3
David Levithan,6.5,2
Jason Hall,6.5,3
Evgenia Peretz,6.5,2
David S. Goyer,6.5,10
Will Davies,6.5,6
Terrance Zdunich,6.5,2
Tim Hill,6.5,2
Paula Hawkins,6.5,2
Aleksey Sidorov,6.5,2
Whit Stillman,6.5,3
William Paul McKay,6.5,2
Oren Moverman,6.5,2
Dan O Bannon,6.491666666666667,12
Joe Carnahan,6.4875,8
Paul Mayeda Berges,6.4799999999999995,5
Chris Columbus,6.475,4
Terry Hayes,6.475,4
Lorene Scafaria,6.475,4
Alvin Sargent,6.475,4
David Twohy,6.466666666666667,9
Sam Hamm,6.466666666666666,3
Jared Stern,6.466666666666666,3
Neil Marshall,6.466666666666666,3
Lou Morheim,6.466666666666666,3
Tracy Keenan Wynn,6.466666666666666,3
Bruce Robinson,6.466666666666666,3
Mae West,6.466666666666666,3
Ira Sachs,6.466666666666666,3
Noah Buschel,6.466666666666666,3
Seth Rogen,6.457142857142857,7
Olivia Hetreed,6.45,2
Randy Barbato,6.45,2
David Kirschner,6.45,2
Bruce Feirstein,6.45,2
Dana Stevens,6.45,4
Carl Ellsworth,6.45,4
Scott Kosar,6.45,6
Richard Dutcher,6.45,2
Justin Lin,6.45,2
Fenton Bailey,6.45,2
Greg Taylor,6.45,2
Michael Mitnick,6.45,2
Stan Lee,6.45,6
Heywood Gould,6.45,2
Fibe Ma,6.45,2
Jorge Guerricaechevarr√É¬≠a,6.45,4
Emily Halpern,6.449999999999999,2
Michael Berry,6.449999999999999,2
Lowell Cunningham,6.449999999999999,2
Vincenzo Natali,6.449999999999999,2
Jeremy Chilnick,6.449999999999999,2
Daniel Taplitz,6.449999999999999,2
Sarah Haskins,6.449999999999999,2
Sylvester Stallone,6.445454545454546,11
Kurt Wimmer,6.442857142857143,7
Johnny Knoxville,6.44,5
Stephen Schiff,6.433333333333334,6
Arie Posin,6.433333333333334,3
Niels Mueller,6.433333333333334,3
Mark Protosevich,6.433333333333334,3
Daniel Petrie Jr.,6.433333333333334,3
Kay Cannon,6.433333333333334,3
Helen Fielding,6.433333333333334,3
Agatha Christie,6.433333333333334,3
Christopher L. Yost,6.433333333333334,3
Ken Kaufman,6.433333333333334,3
Mickey Rapkin,6.433333333333334,3
Michael Miner,6.433333333333333,3
Derek Haas,6.425000000000001,4
Michael Brandt,6.425000000000001,4
Art Marcum,6.425,4
John Wagner,6.425,4
Rick Famuyiwa,6.425,4
Danny McBride,6.425,4
Warren Beatty,6.42,5
Jon Erwin,6.42,5
Michael Crichton,6.416666666666667,12
Jack Epps Jr.,6.400000000000001,6
Joel Edgerton,6.400000000000001,3
Jim Cash,6.400000000000001,6
Ric Roman Waugh,6.400000000000001,3
Alex Tse,6.4,2
Joel Souza,6.4,2
Shigeru Kayama,6.4,2
Arif Aliev,6.4,2
Richard Shepard,6.4,2
Gast√É¬≥n Gorali,6.4,2
Laurie Craig,6.4,2
Mike Reiss,6.4,2
Matt Whitaker,6.4,2
David Klass,6.4,2
Ken Daurio,6.4,10
Michelle Morgan,6.4,2
Bart Fisher,6.4,2
Bess Wohl,6.4,2
√É¬âmile Gaudreault,6.4,2
Nicole Barber-Lane,6.4,2
Don Roos,6.4,2
William Phillips,6.4,2
Alex Barnow,6.4,2
Barry Fanaro,6.4,2
Nick Damici,6.4,2
Lorne Cameron,6.4,5
Emma Chadbourne,6.4,2
Randy Feldman,6.4,2
Beatrix Potter,6.4,2
Takeo Murata,6.4,2
Chris Van Allsburg,6.4,2
Jim Kouf,6.4,4
Jim Mickle,6.4,2
Joe Cornish,6.4,2
Karen Maine,6.4,2
Gabe Sachs,6.4,2
Arturo P√É¬©rez-Reverte,6.4,2
Dany Boon,6.4,2
Cinco Paul,6.4,10
Andy Tennant,6.4,2
Stevie Binns,6.4,2
Scott Walker,6.4,2
Brian Moore,6.4,2
Jonathon E. Stewart,6.4,2
Neill Blomkamp,6.4,4
Frank Baldwin,6.4,2
Paul Gallico,6.4,2
Christina Hodson,6.4,2
Wilhelm Grimm,6.3999999999999995,3
Adam Brooks,6.3999999999999995,3
Joel Schumacher,6.3999999999999995,6
Alexandre Aja,6.3999999999999995,3
David Chirchirillo,6.3999999999999995,3
Jacob Grimm,6.3999999999999995,3
Gr√É¬©gory Levasseur,6.3999999999999995,3
Robert Smigel,6.3999999999999995,3
Lewis Colick,6.38,5
Kirsten Smith,6.38,5
Karen McCullah,6.38,5
Lem Dobbs,6.38,5
James Wan,6.377777777777777,9
Kevin Hart,6.375,4
Sean Anders,6.37,10
Eric Heisserer,6.366666666666667,6
Jack Whittingham,6.366666666666667,3
Stephan Elliott,6.366666666666667,3
Jonathan Mostow,6.366666666666667,3
Andr√É¬© Nemec,6.366666666666667,3
Josh Appelbaum,6.366666666666667,3
Leon Uris,6.366666666666667,3
James Vanderbilt,6.3625,8
Nicolas Winding Refn,6.36,5
Lee Hall,6.36,5
Hossein Amini,6.3500000000000005,6
T.D. Jakes,6.35,2
Bibi Naceri,6.35,2
Matthew Stone,6.35,2
Peter A. Dowling,6.35,2
Christian Clavier,6.35,2
Andrew Fleming,6.35,2
Danilo Bach,6.35,4
Ben Wheatley,6.35,2
Cathy Yuspa,6.35,2
Jean-Marie Poir√É¬©,6.35,2
Jeff Maguire,6.35,2
Christianna Brand,6.35,2
Ann Brashares,6.35,2
Michael Dougherty,6.35,4
Josh A. Cagan,6.35,2
Raymond Carver,6.35,2
Ray Wright,6.35,2
Michael Frost Beckner,6.35,2
Josh Goldsmith,6.35,2
Burr Steers,6.35,2
John Irving,6.35,2
Amy Jump,6.35,2
Jeff Howard,6.35,2
Will Gluck,6.35,4
Allan Loeb,6.345454545454545,11
Luc Besson,6.344444444444445,27
Dave Eggers,6.34,5
Scot Armstrong,6.34,5
Steve Harvey,6.333333333333333,3
Jerusha Hess,6.333333333333333,3
Christopher Ford,6.333333333333333,3
Kevin Reynolds,6.333333333333333,3
Joby Harold,6.333333333333333,3
Jared Hess,6.333333333333333,3
Michael Petroni,6.333333333333333,6
Max Landis,6.325,4
John Kamps,6.325,4
Gary Scott Thompson,6.314285714285715,7
David Soren,6.300000000000001,2
Gurinder Chadha,6.300000000000001,4
Robert Thom,6.300000000000001,2
Greg Berlanti,6.300000000000001,2
Karen Croner,6.300000000000001,2
Roderick Taylor,6.300000000000001,2
Kurt Voelker,6.300000000000001,2
M. Night Shyamalan,6.300000000000001,13
John Morris,6.300000000000001,9
Scott Rosenberg,6.300000000000001,9
Shawn Slovo,6.300000000000001,2
Lewis Carroll,6.300000000000001,4
Jack Paglen,6.300000000000001,2
Gary Dauberman,6.3,5
Paul Dehn,6.3,5
Scott Stewart,6.3,2
Andrew Davies,6.3,3
Andrew Berends,6.3,2
Christian Gudegast,6.3,3
Karim A√É¬Ønouz,6.3,2
Erica Rivinoja,6.3,3
Jo Nesb√É¬∏,6.3,2
Felipe Bragan√É¬ßa,6.3,2
Jon Gunn,6.3,3
John Bright,6.3,2
Gerald N. Lund,6.3,2
Jason Howden,6.3,2
Richard Kelly,6.3,3
Mark Verheiden,6.3,3
Daniel Stamm,6.3,2
Marianna Palka,6.3,2
Howard Franklin,6.3,3
Harvey F. Thew,6.3,2
Howard Klausner,6.3,3
Josh Klausner,6.3,2
Julie Taymor,6.3,2
Malcolm Marmorstein,6.3,2
Michael Davis,6.3,2
Jacquelyn Mitchard,6.3,2
C. Jay Cox,6.3,3
Bruce Joel Rubin,6.3,4
Sharon Greytak,6.3,2
Wallace Wolodarsky,6.3,3
Duane Adler,6.3,5
√É¬âric Besnard,6.3,2
Rob Letterman,6.3,3
Max Borenstein,6.3,2
Thomas Rickman,6.3,2
Kevin Smith,6.3,12
Joe Camp,6.3,2
Elmore Leonard,6.3,6
Mark Burton,6.3,4
S.S. Field,6.3,2
Chookiat Sakveerakul,6.3,2
Marco Dutra,6.3,2
Ronald Shusett,6.288888888888889,9
Peter Straughan,6.285714285714286,7
Matt Reeves,6.279999999999999,5
Rawson Marshall Thurber,6.275,4
Evan Daugherty,6.2749999999999995,4
Ken Hixon,6.266666666666667,3
Justin Zackham,6.266666666666667,3
Lawrence Block,6.266666666666667,3
Lowell Ganz,6.266666666666667,9
Joey Wells,6.266666666666667,3
Drew Dowdle,6.266666666666667,3
John Erick Dowdle,6.266666666666667,3
John Thomas,6.266666666666667,6
Edward Burns,6.26,5
Ariel Shaffir,6.25,2
James Wong,6.25,2
Alex Lasker,6.25,2
Israel Horovitz,6.25,2
Jeff Filgo,6.25,2
Joe Stillman,6.25,4
Alan Moore,6.25,2
J.H. Wyman,6.25,2
Hiroshi Takahashi,6.25,2
Matthew Robinson,6.25,4
Mikko Alanne,6.25,2
Glen Morgan,6.25,2
Tom McGrath,6.25,2
David Elliot,6.25,2
Jackie Filgo,6.25,2
Chad Kultgen,6.25,2
Paul Lovett,6.25,2
Michael Landon Jr.,6.25,2
Josh Boone,6.25,2
Andrea Berloff,6.25,4
Carlo Bernard,6.25,2
James Dashner,6.25,2
Shana Feste,6.25,2
Ho-Leung Lau,6.25,2
Kyle Hunter,6.25,2
Nick Moorcroft,6.25,2
Kevin Wade,6.25,2
Kate Lanier,6.25,2
Jonathan Glazer,6.25,2
Michael Seitzman,6.25,2
David E. Kelley,6.25,2
Brian Lynch,6.24,5
Ed Solomon,6.24,10
David Leslie Johnson-McGoldrick,6.24,5
Brian Duffield,6.233333333333334,3
David A. Newman,6.233333333333333,3
John Hughes,6.233333333333333,9
Kevin Brodbin,6.233333333333333,3
Keith Merryman,6.233333333333333,3
Timothy Dowling,6.233333333333333,6
Cyrus Voris,6.233333333333333,3
Peter Farrelly,6.2299999999999995,10
Kenya Barris,6.2250000000000005,4
Stephen Gaghan,6.225,4
Shauna Cross,6.225,4
Ron Kurz,6.225,4
Nia Vardalos,6.225,4
Stephen Sommers,6.216666666666666,6
Oren Uziel,6.216666666666666,6
Scott Moore,6.214285714285714,7
Kevin Williamson,6.2124999999999995,8
Chris Morgan,6.211111111111111,9
Glenn Ficarra,6.2,5
Will Gilbey,6.2,2
Matthew Robbins,6.2,3
Matthew Chapman,6.2,2
Matt Ember,6.2,6
Afshin Ghaffarian,6.2,2
Alan Ormsby,6.2,3
Frank E. Woods,6.2,3
Kevin Heffernan,6.2,4
Gary Winick,6.2,2
R. Lance Hill,6.2,2
Kim Henkel,6.2,3
Raluca Manescu,6.2,2
Jean-Claude Carri√É¬®re,6.2,2
Robin Bhatt,6.2,2
Craig Ferguson,6.2,2
Sacha Gervasi,6.2,2
Matthew McDuffie,6.2,2
Jim Thomas,6.2,10
Erich Hoeber,6.2,5
Thomas Dixon Jr.,6.2,3
Ted Griffin,6.2,3
Barry McEvoy,6.2,2
Tom J. Astle,6.2,6
Julian Gilbey,6.2,2
Diche Enunwa,6.2,2
Panos Cosmatos,6.2,2
Doris Lessing,6.2,2
Jon Hoeber,6.2,5
Alex Epstein,6.2,2
DeWitt Bodeen,6.2,3
Pete Jones,6.2,2
Mitch Glazer,6.2,2
Jim Burnstein,6.2,2
Moses Babatope,6.2,2
Jay Chandrasekhar,6.2,4
Kene Okwuosa,6.2,2
Heather McGowan,6.2,2
Steve Lemme,6.2,4
Laurent Tirard,6.199999999999999,2
Alec Sulkin,6.199999999999999,2
Wellesley Wild,6.199999999999999,2
Yoni Brenner,6.199999999999999,2
Jeremy Garelick,6.199999999999999,2
Bill Holderman,6.199999999999999,2
Jay Lavender,6.199999999999999,2
Larry Beinhart,6.199999999999999,2
Seth MacFarlane,6.199999999999999,2
Morgan J. Freeman,6.199999999999999,2
Kate DiCamillo,6.199999999999999,2
David L. Hunt,6.199999999999999,2
Stephen Kendrick,6.1875,8
Michael McCullers,6.1875,8
Aline Brosh McKenna,6.185714285714285,7
Derek Connolly,6.18,5
Sheldon Lettich,6.175,4
Ray Bradbury,6.175,4
David Scarpa,6.175,4
Jason Segel,6.175,4
Chris Matheson,6.175,4
Creighton Rothenberger,6.166666666666667,3
John Hamburg,6.166666666666667,6
Marla Frazee,6.166666666666667,3
Zach Shields,6.166666666666667,3
Matt Greenberg,6.166666666666667,3
Katrin Benedikt,6.166666666666667,3
Jennifer Lee,6.166666666666667,3
Justin Marks,6.166666666666667,3
Karl Gajdusek,6.166666666666667,3
Travis Beacham,6.166666666666667,3
Chris Henchy,6.166666666666667,3
Kelly Marcel,6.16,5
George Gallo,6.1571428571428575,7
Adam Mervis,6.15,2
Doug Richardson,6.15,4
Paul Gross,6.15,2
Jorma Taccone,6.15,2
Jeremy Pikser,6.15,2
Justin Theroux,6.15,4
Chris Bremner,6.15,2
T.S. Nowlin,6.15,4
Stephen J. Rivele,6.15,2
Sam Levinson,6.15,4
Frank Sebastiano,6.15,2
Christopher Wilkinson,6.15,2
Adam Sztykiel,6.15,2
Ryne Douglas Pearson,6.15,2
Vincent Gallo,6.15,2
Steve Meerson,6.15,2
Etan Cohen,6.1499999999999995,6
John Sayles,6.1499999999999995,6
Ice Cube,6.142857142857143,7
Jeff Pinkner,6.14,5
Scott Derrickson,6.133333333333333,6
Jeff Stockwell,6.133333333333333,3
Robert E. Howard,6.133333333333333,6
Kevin Bernhardt,6.133333333333333,3
Ti West,6.133333333333333,3
John Carpenter,6.129411764705883,17
Allison Burnett,6.125,4
Elizabeth Chandler,6.125,4
Kevin Grevioux,6.125,4
Glenn Berger,6.125,8
Michael J. Wilson,6.125,4
Ehren Kruger,6.122222222222223,9
Marc Silverstein,6.12,5
Roland Emmerich,6.12,5
Babaloo Mandel,6.12,5
Mike Myers,6.12,5
Abby Kohn,6.12,5
William Peter Blatty,6.116666666666667,6
Jon Lucas,6.111111111111111,9
Mitchell Kapner,6.1000000000000005,3
David Zucker,6.1000000000000005,7
Peter Tolan,6.1000000000000005,6
Ben Stiller,6.1000000000000005,3
Mike Figgis,6.1000000000000005,3
Jack Amiel,6.1000000000000005,3
Adam Cozad,6.1000000000000005,3
Harvey Miller,6.1,2
Greg Glienna,6.1,4
Mark Rosenthal,6.1,4
Ron L. Brinkerhoff,6.1,2
Greg Russo,6.1,2
Robert Harling,6.1,2
Adam Nee,6.1,2
L. Frank Baum,6.1,2
Carlton Cuse,6.1,2
Brian Burns,6.1,2
Lewis John Carlino,6.1,2
Charles Busch,6.1,2
Michael Polish,6.1,4
Michael Showalter,6.1,2
David Guggenheim,6.1,2
Larry Lieber,6.1,2
Barry L. Levy,6.1,2
Kevin McClory,6.1,2
Ben Stassen,6.1,2
Andrew Bergman,6.1,2
Arne Schmidt,6.1,2
Jeff Loveness,6.1,2
Andy Breckman,6.1,2
Judy Morris,6.1,2
Amy Koppelman,6.1,2
Jon Zack,6.1,2
Patrick Stettner,6.1,2
Patrick Brice,6.1,2
John Turturro,6.1,2
Don Payne,6.1,2
Don Winslow,6.1,2
Adam Kennedy,6.1,2
Carlos Ezquerra,6.099999999999999,3
Brad Copeland,6.08,5
Ryan Engle,6.08,5
Jonathan Aibel,6.077777777777778,9
Paul Weitz,6.075,4
Jay Duplass,6.075,4
Harry Elfont,6.075,4
Brandon Camp,6.074999999999999,4
Meg Cabot,6.066666666666666,3
Peter Buchman,6.066666666666666,3
Susan McMartin,6.066666666666666,3
James Patterson,6.066666666666666,3
Don Jakoby,6.06,5
Robert Rodriguez,6.053846153846154,13
Debra Hill,6.053846153846154,13
Candace Lee,6.050000000000001,2
Eric Newman,6.050000000000001,2
Gavin Scott,6.050000000000001,2
Christopher Bertolini,6.050000000000001,2
David Guion,6.050000000000001,2
Alan Sharp,6.050000000000001,2
Michael Handelman,6.050000000000001,2
Phoef Sutton,6.050000000000001,2
Maria Melnik,6.050000000000001,2
Thomas Bezucha,6.05,2
Malcolm D. Lee,6.05,2
Jonathan Hales,6.05,2
David Shaber,6.05,2
Kurt Voss,6.05,2
Kurt Hale,6.05,2
Jennifer Flackett,6.05,2
Tobe Hooper,6.05,4
John Requa,6.05,6
John E. Moyer,6.05,2
James DeMonaco,6.042857142857143,7
Steve Oedekerk,6.0375,8
Brian Bird,6.033333333333334,3
Donald E. Westlake,6.033333333333334,3
Douglas Day Stewart,6.033333333333334,3
K√É¬¥ji Suzuki,6.033333333333334,3
Mark Levin,6.033333333333334,3
Andrew W. Marlowe,6.033333333333334,3
Arthur Conan Doyle,6.033333333333334,3
Robert Ramsey,6.033333333333334,3
Miles Millar,6.025,4
Gerald Di Pego,6.025,4
H.G. Wells,6.025,4
Graham Yost,6.0200000000000005,5
Steven Brill,6.0200000000000005,5
David Lowery,6.014285714285714,7
Delia Ephron,6.0,3
Lucille Fletcher,6.0,2
Channing Gibson,6.0,2
Catherine Hardwicke,6.0,2
Heather Hach,6.0,2
Ward Roberts,6.0,2
Zach Cregger,6.0,2
John Hill,6.0,3
Stephen Fry,6.0,2
Brendan O Brien,6.0,3
Don D. Scott,6.0,2
Carlyle Eubank,6.0,2
Scott Lobdell,6.0,2
Kristin Hahn,6.0,2
Bill Parker,6.0,2
Rich Christiano,6.0,2
Kasi Lemmons,6.0,2
Rob Lieber,6.0,4
Darryl Ponicsan,6.0,2
Thornton Wilder,6.0,2
Joseph Finder,6.0,2
Amy Holden Jones,6.0,3
Jason Filardi,6.0,2
Roger Kumble,6.0,2
S.S. Wilson,6.0,2
Jean-Claude Van Damme,6.0,2
Daniel Lee,6.0,2
Mike Nawrocki,6.0,2
Tracy Oliver,6.0,3
David Frigerio,6.0,2
Phil Vischer,6.0,2
Jeff Wadlow,6.0,3
Andrew Jay Cohen,6.0,3
Randi Mayem Singer,6.0,2
Todd Graff,6.0,2
Eric Weiss,6.0,2
Erica Beeney,6.0,2
David Light,6.0,2
Peter Steinfeld,6.0,4
Evan Spiliotopoulos,6.0,9
John E. Bryant,6.0,2
Joey Mazzarino,6.0,2
William Eubank,6.0,2
Ed Stone,6.0,2
John Stockwell,6.0,2
Dana Fox,5.985714285714286,7
Rob Zombie,5.983333333333333,6
Darren Lemke,5.983333333333333,6
Simon Kinberg,5.975,8
Brad Anderson,5.975,4
Marcus Dunstan,5.971428571428571,7
Patrick Melton,5.971428571428571,7
Hamish McColl,5.966666666666666,3
Gina Wendkos,5.966666666666666,3
Ben Ripley,5.966666666666666,3
Skip Woods,5.9625,8
Jesse Peretz,5.95,2
Anna Waterhouse,5.95,4
Joe Shrapnel,5.95,4
Charles Perrault,5.95,4
Richard Hatem,5.95,2
Daniel Barnz,5.95,2
DJ Pooh,5.95,6
Jeff Buhler,5.95,2
Nicholas Stoller,5.95,12
Dan Gordon,5.95,4
Andrew Mogel,5.949999999999999,2
Chris Bowman,5.949999999999999,2
Hubbel Palmer,5.949999999999999,2
Jarrad Paul,5.949999999999999,2
Tom Schulman,5.9399999999999995,5
Jeffrey Reddick,5.9399999999999995,5
Bobby Farrelly,5.9399999999999995,5
Matt Lopez,5.933333333333334,3
Matt Holloway,5.933333333333334,3
Wayne Powers,5.933333333333334,3
Harmony Korine,5.933333333333334,3
Donna Powers,5.933333333333334,3
Mike White,5.928571428571429,7
Andrew Steele,5.925,4
Wes Craven,5.915384615384616,13
Bob Schooley,5.9,2
Mark Gunn,5.9,2
Jason Katims,5.9,2
Mark McCorkle,5.9,2
Adrian Butchart,5.9,2
Adam Rifkin,5.9,5
Bragi F. Schut,5.9,2
Stephen Milburn Anderson,5.9,2
Don Coscarelli,5.9,4
Norman Vance Jr.,5.9,2
Michael Patrick Jann,5.9,2
Victor Salva,5.9,2
Elaine May,5.9,4
Rusty Cundieff,5.9,2
Takeshi Shud√É¬¥,5.9,2
Roy Thomas,5.9,2
Mort Nathan,5.9,2
Colin Wilson,5.9,2
Gerry Conway,5.9,2
Brian Gunn,5.9,2
David I. Stern,5.9,2
John A. Davis,5.9,2
Henry Gayden,5.8999999999999995,3
Josh Friedman,5.8999999999999995,3
Michael Elliot,5.8999999999999995,3
Diablo Cody,5.8999999999999995,3
John Pogue,5.8999999999999995,3
Paul W.S. Anderson,5.8875,8
Maria Maggenti,5.883333333333333,6
Robert Ben Garant,5.877777777777777,9
Alfred Gough,5.871428571428572,7
Mikki Daughtry,5.866666666666667,3
David Newman,5.866666666666667,3
Vince Vaughn,5.866666666666667,3
Tobias Iaconis,5.866666666666667,3
Chad Hayes,5.8625,8
Brian Taylor,5.86,5
Jerry Siegel,5.86,5
Mark Neveldine,5.86,5
Carey W. Hayes,5.8500000000000005,6
Reid Carolin,5.85,2
Chris Sparling,5.85,4
Alice Hoffman,5.85,2
Chris D Arienzo,5.85,2
Colin Trevorrow,5.85,2
Gabriele Muccino,5.85,2
Kevin Munroe,5.85,2
Patrick Read Johnson,5.85,2
Monica Mcgowan Johnson,5.85,2
Akela Cooper,5.85,2
David H. Steinberg,5.85,2
Mike Thompson,5.85,2
Steven E. de Souza,5.833333333333333,9
Adi Hasak,5.833333333333333,3
Mark Duplass,5.82,5
Timothy Harris,5.816666666666666,6
Thomas Lennon,5.814285714285715,7
Tim Herlihy,5.811111111111111,9
Josh Campbell,5.800000000000001,2
R. Lee Fleming Jr.,5.800000000000001,2
Matt Stuecken,5.800000000000001,2
Marc Moss,5.800000000000001,2
Herschel Weingrod,5.800000000000001,2
Rick Riordan,5.800000000000001,2
Rock Reuben,5.800000000000001,2
Robb White,5.8,2
David Wagner,5.8,3
Tina Gordon,5.8,3
Mike Mignola,5.8,3
Shawn Christensen,5.8,2
William Osborne,5.8,2
J.F. Lawton,5.8,3
Dean Georgaris,5.8,3
Amy Heckerling,5.8,3
Ryan Murphy,5.8,3
Phil Hay,5.8,8
George MacDonald Fraser,5.8,2
David N. Titcher,5.8,2
David Benullo,5.8,2
Gary Whitta,5.8,2
Marianne Wibberley,5.779999999999999,5
Cormac Wibberley,5.779999999999999,5
Marc Lawrence,5.779999999999999,5
Steve Rudnick,5.775,4
Leo Benvenuti,5.775,4
David Berenbaum,5.775,4
Kirk DeMicco,5.775,4
Ed Decter,5.775,4
John J. Strauss,5.775,4
Christopher Roach,5.766666666666667,3
Tedi Sarafian,5.766666666666667,3
Gerry Swallow,5.766666666666667,3
Hugh Wilson,5.766666666666667,3
Jim Herzfeld,5.766666666666667,3
Sean S. Cunningham,5.766666666666667,3
Matt Manfredi,5.757142857142857,7
James Toback,5.75,6
Patrice Garcia,5.75,2
E.B. White,5.75,2
Buddy Johnson,5.75,2
Harry Ratchford,5.75,2
Bill Cosby,5.75,2
Nat Mauldin,5.75,2
Don Mancini,5.75,4
David Loucka,5.75,2
Dana Olsen,5.75,2
Vince Gilligan,5.75,2
Katherine Fugate,5.75,2
David Spade,5.75,2
Michael LeSieur,5.75,2
Tracey Jackson,5.75,2
Andrea Gyertson Nasfell,5.75,2
C√É¬©line Garcia,5.75,2
George Dawes Green,5.75,2
Arlene Klasky,5.75,2
Nicholas Jarecki,5.75,2
Dean Devlin,5.74,5
Robbie Fox,5.733333333333333,3
Lee Eisenberg,5.733333333333333,3
Gene Stupnitsky,5.733333333333333,3
Andrew Lloyd Webber,5.733333333333333,3
Lloyd Kaufman,5.733333333333333,3
Paul Harris Boardman,5.733333333333333,3
Jeff Kinney,5.733333333333333,3
Fred Wolf,5.728571428571429,7
Greg Coolidge,5.725,4
Peter Laird,5.725,4
Christopher Landon,5.725,8
Barry W. Blaustein,5.725,4
Jessica Bendinger,5.725,4
Burk Sharpless,5.720000000000001,5
Matt Sazama,5.720000000000001,5
Lorenzo Semple Jr.,5.7,2
Nikolay Kulikov,5.7,2
Mike Gan,5.7,2
Stephen Susco,5.7,4
Larry Levin,5.7,3
Nick Santora,5.7,2
Wayne Beach,5.7,2
Marc Behm,5.7,2
Sai Varadan,5.7,2
Anthony Silverston,5.7,2
Jamaa Fanaka,5.7,2
Michael C. Martin,5.7,2
John Rogers,5.7,2
Jeff Franklin,5.7,2
Albert S. Ruddy,5.7,3
Brin Hill,5.7,2
Juliet Snowden,5.7,4
Frank B. Gilbreth Jr.,5.7,2
Frank Miller,5.7,6
Raffaella Delle Donne,5.7,2
Bronte Woodard,5.7,2
Chris Rock,5.7,4
Chuck Pfarrer,5.7,3
Paul Hogan,5.7,3
Josh Heald,5.7,2
David Ronn,5.7,3
Tom Butterworth,5.7,2
David Weissman,5.699999999999999,2
David Diamond,5.699999999999999,2
Adam Resnick,5.699999999999999,2
Caryn Lucas,5.699999999999999,2
Katie Ford,5.699999999999999,2
Art Linson,5.699999999999999,2
Victor Miller,5.6875,8
Bill Collage,5.683333333333334,6
Chad St. John,5.675000000000001,4
David Mandel,5.666666666666667,3
Daniel Myrick,5.666666666666667,3
Alec Berg,5.666666666666667,3
Jason Richman,5.666666666666667,3
Peter Gaulke,5.666666666666667,3
Larry Doyle,5.666666666666667,3
Kevin Eastman,5.666666666666667,3
Eduardo S√É¬°nchez,5.666666666666667,3
Katie Dippold,5.65,2
Josh Trank,5.65,2
Bryan Bertino,5.65,2
Peter Spierig,5.65,4
Kyle Ward,5.65,2
Michael Spierig,5.65,4
Lukas Heller,5.65,2
√É¬Ålvaro Rodr√É¬≠guez,5.65,2
Larry Gross,5.65,2
Buck Henry,5.65,2
Greg DePaul,5.65,2
Jean-Luc Fromental,5.65,2
Barbara Marshall,5.65,2
Elizabeth Hunter,5.65,2
Joseph Raso,5.633333333333333,3
Neil Cuthbert,5.633333333333333,3
Leslie Bohem,5.625,4
Cory Goodman,5.625,4
Craig Titley,5.625,4
Eddie Murphy,5.619999999999999,5
Steve Koren,5.616666666666667,6
Craig Mazin,5.614285714285714,7
Takashi Shimizu,5.6000000000000005,3
Peter Filardi,5.6000000000000005,3
Preston A. Whitmore II,5.6000000000000005,3
Kristen Buckley,5.6,2
Marius Petipa,5.6,2
E.T.A. Hoffmann,5.6,2
Deborah Kaplan,5.6,5
John Byrum,5.6,2
David E. Talbert,5.6,2
Ashleigh Powell,5.6,2
Amanda Brown,5.6,2
Ryan Rowe,5.6,2
Cory Edwards,5.6,2
Randy Kornfield,5.6,2
Todd Edwards,5.6,2
David Wain,5.6,2
Gay Partington Terry,5.6,2
John Scott Shepherd,5.6,2
Emily Carmichael,5.6,2
Knate Lee,5.6,2
Tony Leech,5.6,2
R.L. Stine,5.599999999999999,3
Adam Cooper,5.58,5
Keenen Ivory Wayans,5.566666666666666,6
Domonic Paris,5.566666666666666,3
Dennis Feldman,5.566666666666666,3
Jay Scherick,5.5600000000000005,5
Mark Perez,5.550000000000001,2
Duncan Kennedy,5.550000000000001,2
Andy Riley,5.550000000000001,2
Cal Brunker,5.55,4
Kate Boutilier,5.55,2
Darren Stein,5.55,2
Clare Boothe Luce,5.55,2
Clive Cussler,5.55,2
Mark Steven Johnson,5.55,4
Bob Barlen,5.55,4
Mark Brown,5.55,6
Jaime Primak Sullivan,5.55,2
Kevin James,5.540000000000001,5
Patrick Lussier,5.533333333333334,3
Joel Cohen,5.533333333333334,3
Kim Barker,5.533333333333334,3
Stiles White,5.533333333333334,3
David Sheffield,5.533333333333334,3
Alec Sokolow,5.533333333333334,3
Joe Eszterhas,5.5125,8
Ken Roht,5.5,2
Matt Allen,5.5,2
Dan Reed,5.5,2
Stephen Kay,5.5,2
Melvin Van Peebles,5.5,2
Michael Meredith,5.5,2
Neal Cassady,5.5,2
Sam Harper,5.5,2
Martin Lawrence,5.5,2
Bennett Yellin,5.5,3
Cathleen Schine,5.5,3
Caleb Wilson,5.5,2
Shane Salerno,5.5,2
John Hoffman,5.5,2
John Herzfeld,5.5,2
Brent Goldberg,5.475,4
Will McRobb,5.466666666666666,3
Bret Easton Ellis,5.46,5
Dr. Seuss,5.46,5
Lee Batchler,5.45,2
Janet Scott Batchler,5.45,2
Gene Quintano,5.45,2
Anne Rice,5.45,2
David Kidd,5.45,2
David Leland,5.45,2
David Dorfman,5.45,2
Spenser Cohen,5.449999999999999,2
Henry De Vere Stacpoole,5.449999999999999,2
Jason Pagan,5.449999999999999,2
Andrew Deutschman,5.449999999999999,2
Youssef Delara,5.449999999999999,2
Don Rhymer,5.442857142857143,7
Ron Shelton,5.4399999999999995,5
Eli Roth,5.433333333333334,6
Josh Stolberg,5.42,5
Adam Sandler,5.418181818181818,11
Stephen Hamel,5.400000000000001,3
Charles Belden,5.4,2
Brad Mirman,5.4,2
Blaise Hemingway,5.4,2
Chris Parker,5.4,2
Mark Williams,5.4,2
F. Scott Frazier,5.4,2
Tom Vaughan,5.4,2
Blair Butler,5.4,2
Karl Mueller,5.4,2
David Loughery,5.4,5
Eric Bernt,5.3999999999999995,3
Hans Bauer,5.3999999999999995,3
Sebastian Gutierrez,5.3999999999999995,3
Pete Goldfinger,5.375,4
Steve Antin,5.366666666666667,3
Steve Bencich,5.366666666666667,3
Jeff Lowell,5.35,2
Louis C.K.,5.35,2
Jon Robin Baitz,5.35,2
Paul Rudnick,5.34,5
Paul Brad Logan,5.333333333333333,3
Edmund H. North,5.333333333333333,3
Doug Langdale,5.333333333333333,3
Victor Teran,5.333333333333333,3
Gregory Widen,5.333333333333333,3
Jack Kirby,5.333333333333333,3
J.M. Barrie,5.325,4
David N. Weiss,5.316666666666666,6
Dan Merkley,5.3,2
Elisa Bell,5.3,2
Jenny Gage,5.3,2
Jeff Rothberg,5.3,2
Eddie Griffin,5.3,3
Steven Pressfield,5.3,2
Ernest Riera,5.3,3
Adam Goldberg,5.3,2
Nathan Smith Jones,5.3,2
John Fasano,5.3,3
Tamara Chestna,5.3,2
Guinevere Turner,5.3,2
Thomas L. Phillips,5.3,2
Michael De Luca,5.3,3
Melissa Rosenberg,5.2875,8
Johannes Roberts,5.275,4
Rick Bitzelberger,5.266666666666667,3
David Birke,5.266666666666667,3
Ben Falcone,5.25,2
Robin Moore,5.25,2
Randall McCormick,5.25,2
David Bowers,5.25,2
Ren√É¬© Goscinny,5.25,2
Melissa McCarthy,5.25,2
David Tillman,5.25,2
John Quaintance,5.25,2
Nick Swardson,5.233333333333333,3
Allen Covert,5.233333333333333,3
J. David Stem,5.225,8
Deborah Nathan,5.2,2
Andrew Cosby,5.2,2
Jillian Jacobs,5.2,2
Jonathan Bernstein,5.2,5
Steve Allrich,5.2,2
Stephenie Meyer,5.2,8
Lindy Davies,5.2,2
Ruba Nadda,5.2,2
Belladonna,5.2,2
Kayden Kross,5.2,2
Rob Schneider,5.2,2
Lisa Ann,5.2,2
Timothy Scott Bogart,5.2,2
Michael Reisz,5.2,2
Kate Angelo,5.199999999999999,2
Ron J. Friedman,5.199999999999999,2
A.A. Milne,5.18,5
Joe Shuster,5.166666666666667,3
Peter Barsocchini,5.166666666666667,3
Paul Pepperman,5.15,2
Andre Norton,5.15,2
Michael LaBash,5.15,2
Andrew Klavan,5.15,2
Chris Viscardi,5.15,2
Oren Peli,5.1499999999999995,6
Pat Proft,5.133333333333334,6
Todd Farmer,5.125,4
Lois Duncan,5.125,4
Jay Ward,5.125,4
Joshua Oppenheimer,5.1000000000000005,3
Adam Mason,5.1000000000000005,3
Thomas Dean Donnelly,5.1000000000000005,3
Simon Boyes,5.1000000000000005,3
Andrew Gurland,5.1,2
Peter Aykroyd,5.1,2
Roberta Hanley,5.1,2
Guillermo Amoedo,5.1,2
Chuck Konzelman,5.1,4
Cary Solomon,5.1,4
Brennan Smith,5.1,2
Harald Kloser,5.1,2
Marc Hyman,5.1,2
James Kerwin,5.1,2
Stephen Carpenter,5.1,2
Alan B. McElroy,5.1,5
Ed Horowitz,5.1,2
Neal Israel,5.1,2
Paul McCusker,5.1,2
James Greer,5.066666666666667,3
Gregory Poirier,5.0600000000000005,5
Jerry Lewis,5.050000000000001,2
Hugh Lofting,5.050000000000001,2
Matthew Weisman,5.05,2
Scott Teems,5.05,2
Jeph Loeb,5.05,2
Tyler Perry,5.04,15
Rob Hedden,5.033333333333334,3
Rich Wilkes,5.025,4
Alberto Piferi,5.0,2
Matt Johnson,5.0,2
Ben Ketai,5.0,2
Thomas Fenton,5.0,2
Michael Goldbach,5.0,2
Carl Hiaasen,5.0,2
James R. Silke,5.0,2
Stevan Mena,5.0,2
James Whittaker,5.0,2
Leslie Stevens,5.0,2
Silvio Horta,4.949999999999999,2
Nick Bakay,4.933333333333334,3
J.S. Cardone,4.933333333333334,3
Ben Roberts,4.9,2
Ivan Goff,4.9,2
Liam O Donnell,4.9,2
Steve Feke,4.9,2
Joshua Cordes,4.9,2
Shawn Wayans,4.885714285714286,7
Harris Goldberg,4.875,4
Will Forte,4.866666666666666,3
Evan Law,4.85,2
Chad Law,4.85,2
Jon Vitti,4.85,2
Jingzhi Zou,4.85,2
William Hanna,4.825,4
Dinesh D Souza,4.8,2
Doug Taylor,4.8,2
Darryl Quarles,4.8,3
Dick Beebe,4.8,2
Mikael Wulff,4.8,2
James Still,4.8,2
Marlon Wayans,4.8,8
Anders Morgenthaler,4.8,2
Joshua Sternin,4.8,2
Merian C. Cooper,4.8,2
Robert Adetuyi,4.766666666666667,3
Charlie Murphy,4.75,2
Vince Di Meglio,4.75,2
Jeremy Slater,4.75,2
Tim Rasmussen,4.75,2
Huck Botko,4.733333333333333,3
Geoff Rodkey,4.7,4
Adam Jay Epstein,4.7,2
Joseph Barbera,4.7,3
Deon Taylor,4.7,4
Wayne Conley,4.7,2
David Garrett,4.7,2
Andrew Jacobson,4.7,2
Tony Leondis,4.65,2
Queen Latifah,4.65,2
Ross Bagdasarian,4.6,2
Kevin Rock,4.6,2
William A. Wood III,4.6,2
William Brent Bell,4.6,2
Luke Sparke,4.6,2
Roger Hawkins,4.6,2
Felix Williamson,4.6,2
Matthew Peterman,4.6,2
Niall Leonard,4.55,2
Jesse O Brien,4.5,2
Robert Moreland,4.5,2
Stephan Blinn,4.466666666666667,3
Adam Marcus,4.449999999999999,2
E.L. James,4.433333333333334,3
Toby Halbrooks,4.4,2
Rick Alvarez,4.3999999999999995,3
Anvita Dutt,4.35,2
Shonda Rhimes,4.333333333333333,3
Don Michael Paul,4.3,3
Nicole Coady,4.3,2
Ben Ramsey,4.3,2
Halle Eaton,4.3,2
Russell Owen,4.3,2
Will Carleton,4.3,2
James Manera,4.3,2
Scott Windhauser,4.3,2
Stewart Raffill,4.3,2
Harmon Kaslow,4.3,2
John Aglialoro,4.3,2
Matthew J. Gunn,4.3,2
Paul Sloane,4.3,2
Christian Sesma,4.2,2
Neal Marshall Stevens,4.1,2
Corey Grant,4.05,2
Frank Chinedu Uba,4.0,2
Bo Zenga,4.0,2
Chris Stokes,4.0,3
Okey Ogunjiofor,4.0,2
Brian Schulman,3.9,2
Kim Fuller,3.8666666666666667,3
Ray Griggs,3.85,2
James O Brien,3.8,2
Allan Silliphant,3.7,2
Hollis Barton,3.7,2
Patrick Ryan Sims,3.6,2
Richard Correll,3.5999999999999996,2
Michael Poryes,3.5999999999999996,2
Barry O Brien,3.55,2
Hyung-rae Shim,3.5,2
Bradley Allenstein,3.45,2
Kevin Carraway,3.4,2
Lawrence Sara,3.4,2
Tim LaHaye,3.1,2
Paul Lalonde,3.1,2
Aaron Seltzer,3.1,6
Jason Friedberg,3.1,6
John Patus,3.1,2
Rhys Frake-Waterfield,3.0,2
Brian Caldirola,2.9,2
Lawrence Kasanoff,2.45,2
Joshua Wexler,2.45,2
Stephen Langford,2.4,2
Martijn Koevoets,2.2,2
Steven Paul,2.0,2
Robert Grasmere,2.0,2
Francisca Matos,2.0,2
